address,technique
0xd7e3c6d99bc2ccdb6fe54b8a5888d14319e65c36,Balance  Disorder  (BD)
0x90302710ae7423ca1ee64907ba82b7f6854a5ddc,Hidden  State  Update  (HSU)
0x6fc1ee575e9023aea1c45b4dfc9acf603ea9f63f,Hidden  State  Update  (HSU)
0x7bf5a0802a5eb74883806e60600290f53da339e1,Hidden  State  Update  (HSU)
0x5e521b660fe8ac575f1d7201f2237724ee531f1d,Hidden  State  Update  (HSU)
0xcac14364754336d9759caafddef8d662dcca06a0,Hidden  State  Update  (HSU)
0xaee056c6c1071512657f094af550d1af74db0622,Hidden  State  Update  (HSU)
0x6e6f819299e7809ce744f37fae9f84fe38d95f1c,Hidden  State  Update  (HSU)
0x5b39afa22a9debd9247bf84b68a79b8736c2ba4e,Hidden  State  Update  (HSU)
0x2ad6bdedf16b32a925ba293ee07f9b3c1c5ab266,Hidden  State  Update  (HSU)
0x5dac036595568ff792f5064451b6b37e801ecab9,Hidden  State  Update  (HSU)
0x3fab284a3cd0a6d88d18d0fda4bc1a76cdacd68a,Hidden  State  Update  (HSU)
0x46de9ef59a51388961bfbe45fb89bedbdfaa32ac,Hidden  State  Update  (HSU)
0x7c52974b6eb8af0ddf874b3c4e03aa9a791d9632,Hidden  State  Update  (HSU)
0x349d9314154ef0999facdbbcea2d9737b0529570,Hidden  State  Update  (HSU)
0x51ae2f91619246ad3a20f4e76f3323a836bde6a5,Hidden  State  Update  (HSU)
0x06c2452bcb4c1c1a046c520ffbad41fb8f48442b,Hidden  State  Update  (HSU)
0x2bb5b9f83391d4190f8b283be0170570953c5a8e,Hidden  Transfer  (HT)
0xcfebf8c78de81f804a694f4bb401e5d76b298be5,Hidden  Transfer  (HT)
0x5abb8dda439becbd9585d1894bd96fd702400fa2,Hidden  Transfer  (HT)
0x61dc347d7fa0f6e34c3112faf83a2e468d681f68,Hidden  Transfer  (HT)
0xc1fbb18de504e0bba8514ff741f3109d790ed087,Hidden  Transfer  (HT)
0x31fd65340a3d272e21fd6ac995f305cc1ad5f42a,Hidden  Transfer  (HT)
0x55bec5649fbb5f5be831ee5b0f7a8a8f02b25144,Hidden  Transfer  (HT)
0x66385555fc121d18dc95ec3a8ecd51ab2b660de5,Hidden  Transfer  (HT)
0x3a0e9acd953ffc0dd18d63603488846a6b8b2b01,Inheritance  Disorder  (ID)
0x8fd1e427396ddb511533cf9abdbebd0a7e08da35,Inheritance  Disorder  (ID)
0xb11b2fed6c9354f7aa2f658d3b4d7b31d8a13b77,Inheritance  Disorder  (ID)
0x627fa62ccbb1c1b04ffaecd72a53e37fc0e17839,Inheritance  Disorder  (ID)
0xe7e25a3d83abdc4a4273792cca7865889a7b0df3,Inheritance  Disorder  (ID)
0x1235b9042f7fe167f09450eaffdc07efcc3acb38,Inheritance  Disorder  (ID)
0xbebbfe5b549f5db6e6c78ca97cac19d1fb03082c,Inheritance  Disorder  (ID)
0x33f82dfbaafb07c16e06f9f81187f78efa9d438c,Inheritance  Disorder  (ID)
0xf0cc17aa0ce1c6595e56c9c60b19c1c546ade50d,Inheritance  Disorder  (ID)
0x4b17c05fc1566891e5a9220d22527b5aeab0e1d0,Inheritance  Disorder  (ID)
0xc710772a16fd040ed9c63de0679a57410981e3fc,Inheritance  Disorder  (ID)
0xbaa3de6504690efb064420d89e871c27065cdd52,Inheritance  Disorder  (ID)
0x81c798ea668b6d7e07ea198014265e0c1d64b5a8,Inheritance  Disorder  (ID)
0xf5615138a7f2605e382375fa33ab368661e017ff,Map Key Encoding Trick (MKET)
0xa6c76471cc89cff4e65cc1fc36613f3c31e4d0d1,Straw  Man  Contract  (SMC)
0x96edbe868531bd23a6c05e9d0c424ea64fb1b78b,Straw  Man  Contract  (SMC)
0xd754ee6a9e8964602f48e11971e79d0b2f6452d5,Straw  Man  Contract  (SMC)
0x2f846758e479ee7e0bd87cea5b9f8f3e314c6bd9,Straw  Man  Contract  (SMC)
0x85179ac15aa94e3ca32dd1cc04664e9bb0062115,Straw  Man  Contract  (SMC)
0xd2ea3d1be7b482966ba8627ff009b84bac3bf51e,Type  Deduction  Overflow  (TDO)
0x25926eff952bdcd3cb395a5614ab5094474b2dba,Unexecuted Call (UC)
0xd887c0197881626b3091b41354f9a99432d91aba,Unexecuted Call (UC)
0x21feda639f23647ac4066f25caaaa4fadb9eb595,Unexecuted Call (UC)
0xda9378ae021239378752acfb1821bb6ed9309371,Unexecuted Call (UC)
0x32f14d71499fc2c1482eb275ec83ce5fb1d6c7ec,Unexecuted Call (UC)
0x38acc6c57f3fea1d9dbffb395f3f7c3143f0d749,Unexecuted Call (UC)
0xf5b72a62d7575f3a03954d4d7de2a2701da16049,Uninitialised  Struct  (US)
0x1f7725942d18118d34621c6eb106a3f418f66710,Uninitialised  Struct  (US)
0x94602b0e2512ddad62a935763bf1277c973b2758,Uninitialised  Struct  (US)
0x652eb151869c2e8fa354f29321ba192d5d9f84dc,Uninitialised  Struct  (US)
0x656610729fc13e8283d96aa69cdf56c112222951,Uninitialised  Struct  (US)
0x9823e4e4f4552cd84720dabbd6fb2c7b67066c6c,Uninitialised  Struct  (US)
